gsm,gsm_count,percent_in_universe
Bisexual Characters,10,0.14501160092807425
Homosexual Characters,54,0.7830626450116009
none,6832,99.07192575406032
